nome_inct,tipo_producao,n_tipos_producao
"INCT AS METRÓPOLES E O DIREITO À CIDADE: conhecimento, inovação e ação para o desenvolvimento urbano - Programa de Pesquisa da Rede Observatório das Metrópoles 2015-2020",Artigo Aceito Para Publicacao,6
"INCT AS METRÓPOLES E O DIREITO À CIDADE: conhecimento, inovação e ação para o desenvolvimento urbano - Programa de Pesquisa da Rede Observatório das Metrópoles 2015-2020",Artigo Publicado,168
"INCT AS METRÓPOLES E O DIREITO À CIDADE: conhecimento, inovação e ação para o desenvolvimento urbano - Programa de Pesquisa da Rede Observatório das Metrópoles 2015-2020",Capitulo De Livro Publicado,336
"INCT AS METRÓPOLES E O DIREITO À CIDADE: conhecimento, inovação e ação para o desenvolvimento urbano - Programa de Pesquisa da Rede Observatório das Metrópoles 2015-2020",Livro Publicado Ou Organizado,79
"INCT AS METRÓPOLES E O DIREITO À CIDADE: conhecimento, inovação e ação para o desenvolvimento urbano - Programa de Pesquisa da Rede Observatório das Metrópoles 2015-2020",Outra Producao Bibliografica,24
"INCT AS METRÓPOLES E O DIREITO À CIDADE: conhecimento, inovação e ação para o desenvolvimento urbano - Programa de Pesquisa da Rede Observatório das Metrópoles 2015-2020",Prefacio Posfacio,29
"INCT AS METRÓPOLES E O DIREITO À CIDADE: conhecimento, inovação e ação para o desenvolvimento urbano - Programa de Pesquisa da Rede Observatório das Metrópoles 2015-2020",Texto Em Jornal Ou Revista,79
"INCT AS METRÓPOLES E O DIREITO À CIDADE: conhecimento, inovação e ação para o desenvolvimento urbano - Programa de Pesquisa da Rede Observatório das Metrópoles 2015-2020",Trabalho Em Eventos,233
"INCT AS METRÓPOLES E O DIREITO À CIDADE: conhecimento, inovação e ação para o desenvolvimento urbano - Programa de Pesquisa da Rede Observatório das Metrópoles 2015-2020",Traducao,1
"INCT Alternativas para Detecção, Avaliação Toxicológica e Remoção de Micropoluentes e Radioativos (INCT-DATREM)",Artigo Aceito Para Publicacao,22
"INCT Alternativas para Detecção, Avaliação Toxicológica e Remoção de Micropoluentes e Radioativos (INCT-DATREM)",Artigo Publicado,4835
"INCT Alternativas para Detecção, Avaliação Toxicológica e Remoção de Micropoluentes e Radioativos (INCT-DATREM)",Capitulo De Livro Publicado,500
"INCT Alternativas para Detecção, Avaliação Toxicológica e Remoção de Micropoluentes e Radioativos (INCT-DATREM)",Livro Publicado Ou Organizado,93
"INCT Alternativas para Detecção, Avaliação Toxicológica e Remoção de Micropoluentes e Radioativos (INCT-DATREM)",Outra Producao Bibliografica,23
"INCT Alternativas para Detecção, Avaliação Toxicológica e Remoção de Micropoluentes e Radioativos (INCT-DATREM)",Prefacio Posfacio,3
"INCT Alternativas para Detecção, Avaliação Toxicológica e Remoção de Micropoluentes e Radioativos (INCT-DATREM)",Texto Em Jornal Ou Revista,62
"INCT Alternativas para Detecção, Avaliação Toxicológica e Remoção de Micropoluentes e Radioativos (INCT-DATREM)",Trabalho Em Eventos,4499
"INCT Alternativas para Detecção, Avaliação Toxicológica e Remoção de Micropoluentes e Radioativos (INCT-DATREM)",Traducao,15
INCT Analíticas Avançadas (INCT-AA),Artigo Aceito Para Publicacao,17
INCT Analíticas Avançadas (INCT-AA),Artigo Publicado,3713
INCT Analíticas Avançadas (INCT-AA),Capitulo De Livro Publicado,247
INCT Analíticas Avançadas (INCT-AA),Livro Publicado Ou Organizado,51
INCT Analíticas Avançadas (INCT-AA),Outra Producao Bibliografica,84
INCT Analíticas Avançadas (INCT-AA),Prefacio Posfacio,5
INCT Analíticas Avançadas (INCT-AA),Texto Em Jornal Ou Revista,65
INCT Analíticas Avançadas (INCT-AA),Trabalho Em Eventos,4438
INCT Analíticas Avançadas (INCT-AA),Traducao,3
INCT Ativos Biotecnológicos Aplicados à Seca e Pragas de Culturas Relevantes ao Agronegócio,Artigo Aceito Para Publicacao,47
INCT Ativos Biotecnológicos Aplicados à Seca e Pragas de Culturas Relevantes ao Agronegócio,Artigo Publicado,4857
INCT Ativos Biotecnológicos Aplicados à Seca e Pragas de Culturas Relevantes ao Agronegócio,Capitulo De Livro Publicado,433
INCT Ativos Biotecnológicos Aplicados à Seca e Pragas de Culturas Relevantes ao Agronegócio,Livro Publicado Ou Organizado,66
INCT Ativos Biotecnológicos Aplicados à Seca e Pragas de Culturas Relevantes ao Agronegócio,Outra Producao Bibliografica,136
INCT Ativos Biotecnológicos Aplicados à Seca e Pragas de Culturas Relevantes ao Agronegócio,Texto Em Jornal Ou Revista,51
INCT Ativos Biotecnológicos Aplicados à Seca e Pragas de Culturas Relevantes ao Agronegócio,Trabalho Em Eventos,3823
INCT Biologia Sintetica,Artigo Aceito Para Publicacao,24
INCT Biologia Sintetica,Artigo Publicado,3788
INCT Biologia Sintetica,Capitulo De Livro Publicado,322
INCT Biologia Sintetica,Livro Publicado Ou Organizado,29
INCT Biologia Sintetica,Outra Producao Bibliografica,134
INCT Biologia Sintetica,Prefacio Posfacio,2
INCT Biologia Sintetica,Texto Em Jornal Ou Revista,57
INCT Biologia Sintetica,Trabalho Em Eventos,2348
INCT Brasil Plural,Artigo Aceito Para Publicacao,36
INCT Brasil Plural,Artigo Publicado,1532
INCT Brasil Plural,Capitulo De Livro Publicado,1109
INCT Brasil Plural,Livro Publicado Ou Organizado,364
INCT Brasil Plural,Outra Producao Bibliografica,163
INCT Brasil Plural,Prefacio Posfacio,181
INCT Brasil Plural,Texto Em Jornal Ou Revista,280
INCT Brasil Plural,Trabalho Em Eventos,892
INCT Brasil Plural,Traducao,43
INCT Centro de Química Medicinal de Acesso Aberto,Artigo Aceito Para Publicacao,5
INCT Centro de Química Medicinal de Acesso Aberto,Artigo Publicado,399
INCT Centro de Química Medicinal de Acesso Aberto,Capitulo De Livro Publicado,58
INCT Centro de Química Medicinal de Acesso Aberto,Livro Publicado Ou Organizado,5
INCT Centro de Química Medicinal de Acesso Aberto,Outra Producao Bibliografica,4
INCT Centro de Química Medicinal de Acesso Aberto,Texto Em Jornal Ou Revista,12
INCT Centro de Química Medicinal de Acesso Aberto,Trabalho Em Eventos,234
INCT Ciências Forenses,Artigo Aceito Para Publicacao,27
INCT Ciências Forenses,Artigo Publicado,2911
INCT Ciências Forenses,Capitulo De Livro Publicado,431
INCT Ciências Forenses,Livro Publicado Ou Organizado,122
INCT Ciências Forenses,Outra Producao Bibliografica,22
INCT Ciências Forenses,Prefacio Posfacio,96
INCT Ciências Forenses,Texto Em Jornal Ou Revista,56
INCT Ciências Forenses,Trabalho Em Eventos,2621
INCT Ciências Forenses,Traducao,13
"INCT Ecologia, Evolução e Conservação da Biodiversidade",Artigo Aceito Para Publicacao,62
"INCT Ecologia, Evolução e Conservação da Biodiversidade",Artigo Publicado,11138
"INCT Ecologia, Evolução e Conservação da Biodiversidade",Capitulo De Livro Publicado,908
"INCT Ecologia, Evolução e Conservação da Biodiversidade",Livro Publicado Ou Organizado,248
"INCT Ecologia, Evolução e Conservação da Biodiversidade",Outra Producao Bibliografica,275
"INCT Ecologia, Evolução e Conservação da Biodiversidade",Prefacio Posfacio,14
"INCT Ecologia, Evolução e Conservação da Biodiversidade",Texto Em Jornal Ou Revista,417
"INCT Ecologia, Evolução e Conservação da Biodiversidade",Trabalho Em Eventos,4329
"INCT Ecologia, Evolução e Conservação da Biodiversidade",Traducao,8
INCT Envelhecimento e Doenças Genéticas: Genômica e Metagenômica,Artigo Aceito Para Publicacao,16
INCT Envelhecimento e Doenças Genéticas: Genômica e Metagenômica,Artigo Publicado,2797
INCT Envelhecimento e Doenças Genéticas: Genômica e Metagenômica,Capitulo De Livro Publicado,230
INCT Envelhecimento e Doenças Genéticas: Genômica e Metagenômica,Livro Publicado Ou Organizado,48
INCT Envelhecimento e Doenças Genéticas: Genômica e Metagenômica,Outra Producao Bibliografica,28
INCT Envelhecimento e Doenças Genéticas: Genômica e Metagenômica,Prefacio Posfacio,11
INCT Envelhecimento e Doenças Genéticas: Genômica e Metagenômica,Texto Em Jornal Ou Revista,271
INCT Envelhecimento e Doenças Genéticas: Genômica e Metagenômica,Trabalho Em Eventos,1116
INCT Estações Sustentáveis de Tratamento de Esgoto  (INCT-ETEs sustentáveis),Artigo Aceito Para Publicacao,20
INCT Estações Sustentáveis de Tratamento de Esgoto  (INCT-ETEs sustentáveis),Artigo Publicado,2424
INCT Estações Sustentáveis de Tratamento de Esgoto  (INCT-ETEs sustentáveis),Capitulo De Livro Publicado,325
INCT Estações Sustentáveis de Tratamento de Esgoto  (INCT-ETEs sustentáveis),Livro Publicado Ou Organizado,93
INCT Estações Sustentáveis de Tratamento de Esgoto  (INCT-ETEs sustentáveis),Outra Producao Bibliografica,31
INCT Estações Sustentáveis de Tratamento de Esgoto  (INCT-ETEs sustentáveis),Prefacio Posfacio,2
INCT Estações Sustentáveis de Tratamento de Esgoto  (INCT-ETEs sustentáveis),Texto Em Jornal Ou Revista,60
INCT Estações Sustentáveis de Tratamento de Esgoto  (INCT-ETEs sustentáveis),Trabalho Em Eventos,3168
INCT Estações Sustentáveis de Tratamento de Esgoto  (INCT-ETEs sustentáveis),Traducao,2
INCT Física Nuclear e Aplicações,Artigo Aceito Para Publicacao,54
INCT Física Nuclear e Aplicações,Artigo Publicado,8885
INCT Física Nuclear e Aplicações,Capitulo De Livro Publicado,214
INCT Física Nuclear e Aplicações,Livro Publicado Ou Organizado,80
INCT Física Nuclear e Aplicações,Outra Producao Bibliografica,133
INCT Física Nuclear e Aplicações,Prefacio Posfacio,6
INCT Física Nuclear e Aplicações,Texto Em Jornal Ou Revista,170
INCT Física Nuclear e Aplicações,Trabalho Em Eventos,4376
INCT Física Nuclear e Aplicações,Traducao,3
INCT História Social das Propriedades e direito de acesso,Artigo Aceito Para Publicacao,24
INCT História Social das Propriedades e direito de acesso,Artigo Publicado,1063
INCT História Social das Propriedades e direito de acesso,Capitulo De Livro Publicado,1473
INCT História Social das Propriedades e direito de acesso,Livro Publicado Ou Organizado,564
INCT História Social das Propriedades e direito de acesso,Outra Producao Bibliografica,371
INCT História Social das Propriedades e direito de acesso,Prefacio Posfacio,258
INCT História Social das Propriedades e direito de acesso,Texto Em Jornal Ou Revista,246
INCT História Social das Propriedades e direito de acesso,Trabalho Em Eventos,1242
INCT História Social das Propriedades e direito de acesso,Traducao,12
INCT Inclusão no Ensino Superior e na Pesquisa,Artigo Aceito Para Publicacao,13
INCT Inclusão no Ensino Superior e na Pesquisa,Artigo Publicado,503
INCT Inclusão no Ensino Superior e na Pesquisa,Capitulo De Livro Publicado,431
INCT Inclusão no Ensino Superior e na Pesquisa,Livro Publicado Ou Organizado,164
INCT Inclusão no Ensino Superior e na Pesquisa,Outra Producao Bibliografica,67
INCT Inclusão no Ensino Superior e na Pesquisa,Prefacio Posfacio,108
INCT Inclusão no Ensino Superior e na Pesquisa,Texto Em Jornal Ou Revista,82
INCT Inclusão no Ensino Superior e na Pesquisa,Trabalho Em Eventos,220
INCT Inclusão no Ensino Superior e na Pesquisa,Traducao,5
INCT Informação Quântica,Artigo Aceito Para Publicacao,21
INCT Informação Quântica,Artigo Publicado,4935
INCT Informação Quântica,Capitulo De Livro Publicado,89
INCT Informação Quântica,Livro Publicado Ou Organizado,52
INCT Informação Quântica,Outra Producao Bibliografica,121
INCT Informação Quântica,Prefacio Posfacio,4
INCT Informação Quântica,Texto Em Jornal Ou Revista,50
INCT Informação Quântica,Trabalho Em Eventos,1063
INCT Informação Quântica,Traducao,3
INCT Inovação em Medicamentos e Identificação de Novos Alvos Terapêuticos (INCT-INOVAMED),Artigo Aceito Para Publicacao,19
INCT Inovação em Medicamentos e Identificação de Novos Alvos Terapêuticos (INCT-INOVAMED),Artigo Publicado,2251
INCT Inovação em Medicamentos e Identificação de Novos Alvos Terapêuticos (INCT-INOVAMED),Capitulo De Livro Publicado,110
INCT Inovação em Medicamentos e Identificação de Novos Alvos Terapêuticos (INCT-INOVAMED),Livro Publicado Ou Organizado,12
INCT Inovação em Medicamentos e Identificação de Novos Alvos Terapêuticos (INCT-INOVAMED),Outra Producao Bibliografica,16
INCT Inovação em Medicamentos e Identificação de Novos Alvos Terapêuticos (INCT-INOVAMED),Prefacio Posfacio,1
INCT Inovação em Medicamentos e Identificação de Novos Alvos Terapêuticos (INCT-INOVAMED),Texto Em Jornal Ou Revista,24
INCT Inovação em Medicamentos e Identificação de Novos Alvos Terapêuticos (INCT-INOVAMED),Trabalho Em Eventos,1331
INCT Inovação em Medicamentos e Identificação de Novos Alvos Terapêuticos (INCT-INOVAMED),Traducao,1
INCT Instituto Geotécnico de Reabilitação do Sistema Encosta-Planície e Desastres Naturais,Artigo Aceito Para Publicacao,36
INCT Instituto Geotécnico de Reabilitação do Sistema Encosta-Planície e Desastres Naturais,Artigo Publicado,1768
INCT Instituto Geotécnico de Reabilitação do Sistema Encosta-Planície e Desastres Naturais,Capitulo De Livro Publicado,475
INCT Instituto Geotécnico de Reabilitação do Sistema Encosta-Planície e Desastres Naturais,Livro Publicado Ou Organizado,101
INCT Instituto Geotécnico de Reabilitação do Sistema Encosta-Planície e Desastres Naturais,Outra Producao Bibliografica,143
INCT Instituto Geotécnico de Reabilitação do Sistema Encosta-Planície e Desastres Naturais,Prefacio Posfacio,10
INCT Instituto Geotécnico de Reabilitação do Sistema Encosta-Planície e Desastres Naturais,Texto Em Jornal Ou Revista,68
INCT Instituto Geotécnico de Reabilitação do Sistema Encosta-Planície e Desastres Naturais,Trabalho Em Eventos,2380
INCT Instituto Geotécnico de Reabilitação do Sistema Encosta-Planície e Desastres Naturais,Traducao,8
INCT Instituto da Democracia e da Democratização da Comunicação,Artigo Aceito Para Publicacao,11
INCT Instituto da Democracia e da Democratização da Comunicação,Artigo Publicado,1009
INCT Instituto da Democracia e da Democratização da Comunicação,Capitulo De Livro Publicado,922
INCT Instituto da Democracia e da Democratização da Comunicação,Livro Publicado Ou Organizado,307
INCT Instituto da Democracia e da Democratização da Comunicação,Outra Producao Bibliografica,367
INCT Instituto da Democracia e da Democratização da Comunicação,Prefacio Posfacio,86
INCT Instituto da Democracia e da Democratização da Comunicação,Texto Em Jornal Ou Revista,936
INCT Instituto da Democracia e da Democratização da Comunicação,Trabalho Em Eventos,644
INCT Instituto da Democracia e da Democratização da Comunicação,Traducao,8
INCT Mar COI - Oceanografia Integrada e Usos Múltiplos da Plataforma Continental e Oceano Adjacente - Centro de Oceanografia Integrada,Artigo Aceito Para Publicacao,16
INCT Mar COI - Oceanografia Integrada e Usos Múltiplos da Plataforma Continental e Oceano Adjacente - Centro de Oceanografia Integrada,Artigo Publicado,2796
INCT Mar COI - Oceanografia Integrada e Usos Múltiplos da Plataforma Continental e Oceano Adjacente - Centro de Oceanografia Integrada,Capitulo De Livro Publicado,380
INCT Mar COI - Oceanografia Integrada e Usos Múltiplos da Plataforma Continental e Oceano Adjacente - Centro de Oceanografia Integrada,Livro Publicado Ou Organizado,97
INCT Mar COI - Oceanografia Integrada e Usos Múltiplos da Plataforma Continental e Oceano Adjacente - Centro de Oceanografia Integrada,Outra Producao Bibliografica,152
INCT Mar COI - Oceanografia Integrada e Usos Múltiplos da Plataforma Continental e Oceano Adjacente - Centro de Oceanografia Integrada,Prefacio Posfacio,7
INCT Mar COI - Oceanografia Integrada e Usos Múltiplos da Plataforma Continental e Oceano Adjacente - Centro de Oceanografia Integrada,Texto Em Jornal Ou Revista,107
INCT Mar COI - Oceanografia Integrada e Usos Múltiplos da Plataforma Continental e Oceano Adjacente - Centro de Oceanografia Integrada,Trabalho Em Eventos,3058
INCT Mar COI - Oceanografia Integrada e Usos Múltiplos da Plataforma Continental e Oceano Adjacente - Centro de Oceanografia Integrada,Traducao,24
INCT Microrganismos Promotores do Crescimento de Plantas visando à Sustentabilidade Agrícola e à Responsabilidade Ambiental,Artigo Aceito Para Publicacao,67
INCT Microrganismos Promotores do Crescimento de Plantas visando à Sustentabilidade Agrícola e à Responsabilidade Ambiental,Artigo Publicado,5158
INCT Microrganismos Promotores do Crescimento de Plantas visando à Sustentabilidade Agrícola e à Responsabilidade Ambiental,Capitulo De Livro Publicado,651
INCT Microrganismos Promotores do Crescimento de Plantas visando à Sustentabilidade Agrícola e à Responsabilidade Ambiental,Livro Publicado Ou Organizado,100
INCT Microrganismos Promotores do Crescimento de Plantas visando à Sustentabilidade Agrícola e à Responsabilidade Ambiental,Outra Producao Bibliografica,685
INCT Microrganismos Promotores do Crescimento de Plantas visando à Sustentabilidade Agrícola e à Responsabilidade Ambiental,Prefacio Posfacio,1
INCT Microrganismos Promotores do Crescimento de Plantas visando à Sustentabilidade Agrícola e à Responsabilidade Ambiental,Texto Em Jornal Ou Revista,268
INCT Microrganismos Promotores do Crescimento de Plantas visando à Sustentabilidade Agrícola e à Responsabilidade Ambiental,Trabalho Em Eventos,6457
INCT Microrganismos Promotores do Crescimento de Plantas visando à Sustentabilidade Agrícola e à Responsabilidade Ambiental,Traducao,1
INCT Nanotecnologia Farmacêutica: uma abordagem transdisciplinar (INCT-NANOFARMA),Artigo Aceito Para Publicacao,18
INCT Nanotecnologia Farmacêutica: uma abordagem transdisciplinar (INCT-NANOFARMA),Artigo Publicado,4556
INCT Nanotecnologia Farmacêutica: uma abordagem transdisciplinar (INCT-NANOFARMA),Capitulo De Livro Publicado,278
INCT Nanotecnologia Farmacêutica: uma abordagem transdisciplinar (INCT-NANOFARMA),Livro Publicado Ou Organizado,29
INCT Nanotecnologia Farmacêutica: uma abordagem transdisciplinar (INCT-NANOFARMA),Outra Producao Bibliografica,14
INCT Nanotecnologia Farmacêutica: uma abordagem transdisciplinar (INCT-NANOFARMA),Prefacio Posfacio,2
INCT Nanotecnologia Farmacêutica: uma abordagem transdisciplinar (INCT-NANOFARMA),Texto Em Jornal Ou Revista,77
INCT Nanotecnologia Farmacêutica: uma abordagem transdisciplinar (INCT-NANOFARMA),Trabalho Em Eventos,2415
INCT Nanotecnologia Farmacêutica: uma abordagem transdisciplinar (INCT-NANOFARMA),Traducao,3
INCT Neuroimmunomodulação,Artigo Aceito Para Publicacao,28
INCT Neuroimmunomodulação,Artigo Publicado,4673
INCT Neuroimmunomodulação,Capitulo De Livro Publicado,404
INCT Neuroimmunomodulação,Livro Publicado Ou Organizado,64
INCT Neuroimmunomodulação,Outra Producao Bibliografica,49
INCT Neuroimmunomodulação,Prefacio Posfacio,2
INCT Neuroimmunomodulação,Texto Em Jornal Ou Revista,117
INCT Neuroimmunomodulação,Trabalho Em Eventos,2796
INCT Neuroimmunomodulação,Traducao,22
INCT Observatório Nacional da Dinâmica da Água e de Carbono no Bioma Caatinga (INCT-ONDACBC),Artigo Aceito Para Publicacao,29
INCT Observatório Nacional da Dinâmica da Água e de Carbono no Bioma Caatinga (INCT-ONDACBC),Artigo Publicado,4091
INCT Observatório Nacional da Dinâmica da Água e de Carbono no Bioma Caatinga (INCT-ONDACBC),Capitulo De Livro Publicado,389
INCT Observatório Nacional da Dinâmica da Água e de Carbono no Bioma Caatinga (INCT-ONDACBC),Livro Publicado Ou Organizado,99
INCT Observatório Nacional da Dinâmica da Água e de Carbono no Bioma Caatinga (INCT-ONDACBC),Outra Producao Bibliografica,47
INCT Observatório Nacional da Dinâmica da Água e de Carbono no Bioma Caatinga (INCT-ONDACBC),Prefacio Posfacio,1
INCT Observatório Nacional da Dinâmica da Água e de Carbono no Bioma Caatinga (INCT-ONDACBC),Texto Em Jornal Ou Revista,40
INCT Observatório Nacional da Dinâmica da Água e de Carbono no Bioma Caatinga (INCT-ONDACBC),Trabalho Em Eventos,4314
INCT Observatório das Dinâmicas Socioambientais (INCT-ODISSEIA),Artigo Aceito Para Publicacao,59
INCT Observatório das Dinâmicas Socioambientais (INCT-ODISSEIA),Artigo Publicado,3372
INCT Observatório das Dinâmicas Socioambientais (INCT-ODISSEIA),Capitulo De Livro Publicado,1392
INCT Observatório das Dinâmicas Socioambientais (INCT-ODISSEIA),Livro Publicado Ou Organizado,277
INCT Observatório das Dinâmicas Socioambientais (INCT-ODISSEIA),Outra Producao Bibliografica,173
INCT Observatório das Dinâmicas Socioambientais (INCT-ODISSEIA),Partitura Musical,1
INCT Observatório das Dinâmicas Socioambientais (INCT-ODISSEIA),Prefacio Posfacio,92
INCT Observatório das Dinâmicas Socioambientais (INCT-ODISSEIA),Texto Em Jornal Ou Revista,106
INCT Observatório das Dinâmicas Socioambientais (INCT-ODISSEIA),Trabalho Em Eventos,3051
INCT Observatório das Dinâmicas Socioambientais (INCT-ODISSEIA),Traducao,10
INCT Processamento e Aplicação de Ìmãs de Terras Raras para Indústria de Alta Tecnologia (INCT-PATRIA),Artigo Aceito Para Publicacao,23
INCT Processamento e Aplicação de Ìmãs de Terras Raras para Indústria de Alta Tecnologia (INCT-PATRIA),Artigo Publicado,1745
INCT Processamento e Aplicação de Ìmãs de Terras Raras para Indústria de Alta Tecnologia (INCT-PATRIA),Capitulo De Livro Publicado,95
INCT Processamento e Aplicação de Ìmãs de Terras Raras para Indústria de Alta Tecnologia (INCT-PATRIA),Livro Publicado Ou Organizado,46
INCT Processamento e Aplicação de Ìmãs de Terras Raras para Indústria de Alta Tecnologia (INCT-PATRIA),Outra Producao Bibliografica,9
INCT Processamento e Aplicação de Ìmãs de Terras Raras para Indústria de Alta Tecnologia (INCT-PATRIA),Prefacio Posfacio,2
INCT Processamento e Aplicação de Ìmãs de Terras Raras para Indústria de Alta Tecnologia (INCT-PATRIA),Texto Em Jornal Ou Revista,66
INCT Processamento e Aplicação de Ìmãs de Terras Raras para Indústria de Alta Tecnologia (INCT-PATRIA),Trabalho Em Eventos,2109
INCT Rede Norte Nordeste de Fitoprodutos (INCT-Rennofito),Artigo Aceito Para Publicacao,85
INCT Rede Norte Nordeste de Fitoprodutos (INCT-Rennofito),Artigo Publicado,9399
INCT Rede Norte Nordeste de Fitoprodutos (INCT-Rennofito),Capitulo De Livro Publicado,1236
INCT Rede Norte Nordeste de Fitoprodutos (INCT-Rennofito),Livro Publicado Ou Organizado,213
INCT Rede Norte Nordeste de Fitoprodutos (INCT-Rennofito),Outra Producao Bibliografica,72
INCT Rede Norte Nordeste de Fitoprodutos (INCT-Rennofito),Prefacio Posfacio,6
INCT Rede Norte Nordeste de Fitoprodutos (INCT-Rennofito),Texto Em Jornal Ou Revista,172
INCT Rede Norte Nordeste de Fitoprodutos (INCT-Rennofito),Trabalho Em Eventos,7198
INCT Tecnologia GNSS no suporte à Navegação Aérea,Artigo Aceito Para Publicacao,2
INCT Tecnologia GNSS no suporte à Navegação Aérea,Artigo Publicado,771
INCT Tecnologia GNSS no suporte à Navegação Aérea,Capitulo De Livro Publicado,35
INCT Tecnologia GNSS no suporte à Navegação Aérea,Livro Publicado Ou Organizado,3
INCT Tecnologia GNSS no suporte à Navegação Aérea,Outra Producao Bibliografica,11
INCT Tecnologia GNSS no suporte à Navegação Aérea,Texto Em Jornal Ou Revista,21
INCT Tecnologia GNSS no suporte à Navegação Aérea,Trabalho Em Eventos,1509
INCT Tecnologia GNSS no suporte à Navegação Aérea,Traducao,4
INCT Tecnologias Ambientais Para a Valoração de Resíduos e Materiais Renováveis (INCT-MIDAS),Artigo Aceito Para Publicacao,22
INCT Tecnologias Ambientais Para a Valoração de Resíduos e Materiais Renováveis (INCT-MIDAS),Artigo Publicado,3806
INCT Tecnologias Ambientais Para a Valoração de Resíduos e Materiais Renováveis (INCT-MIDAS),Capitulo De Livro Publicado,273
INCT Tecnologias Ambientais Para a Valoração de Resíduos e Materiais Renováveis (INCT-MIDAS),Livro Publicado Ou Organizado,91
INCT Tecnologias Ambientais Para a Valoração de Resíduos e Materiais Renováveis (INCT-MIDAS),Outra Producao Bibliografica,55
INCT Tecnologias Ambientais Para a Valoração de Resíduos e Materiais Renováveis (INCT-MIDAS),Prefacio Posfacio,1
INCT Tecnologias Ambientais Para a Valoração de Resíduos e Materiais Renováveis (INCT-MIDAS),Texto Em Jornal Ou Revista,78
INCT Tecnologias Ambientais Para a Valoração de Resíduos e Materiais Renováveis (INCT-MIDAS),Trabalho Em Eventos,3706
INCT Tecnologias Ecoeficientes Avançadas em Produtos Cimenticios,Artigo Aceito Para Publicacao,7
INCT Tecnologias Ecoeficientes Avançadas em Produtos Cimenticios,Artigo Publicado,1406
INCT Tecnologias Ecoeficientes Avançadas em Produtos Cimenticios,Capitulo De Livro Publicado,113
INCT Tecnologias Ecoeficientes Avançadas em Produtos Cimenticios,Livro Publicado Ou Organizado,34
INCT Tecnologias Ecoeficientes Avançadas em Produtos Cimenticios,Outra Producao Bibliografica,12
INCT Tecnologias Ecoeficientes Avançadas em Produtos Cimenticios,Prefacio Posfacio,2
INCT Tecnologias Ecoeficientes Avançadas em Produtos Cimenticios,Texto Em Jornal Ou Revista,30
INCT Tecnologias Ecoeficientes Avançadas em Produtos Cimenticios,Trabalho Em Eventos,1981
INCT Tecnologias Ecoeficientes Avançadas em Produtos Cimenticios,Traducao,2
INCT Translacional em Medicina,Artigo Aceito Para Publicacao,48
INCT Translacional em Medicina,Artigo Publicado,8870
INCT Translacional em Medicina,Capitulo De Livro Publicado,717
INCT Translacional em Medicina,Livro Publicado Ou Organizado,83
INCT Translacional em Medicina,Outra Producao Bibliografica,66
INCT Translacional em Medicina,Prefacio Posfacio,2
INCT Translacional em Medicina,Texto Em Jornal Ou Revista,216
INCT Translacional em Medicina,Trabalho Em Eventos,3147
INCT Translacional em Medicina,Traducao,10
INCT Virtual da Flora e dos Fungos,Artigo Aceito Para Publicacao,77
INCT Virtual da Flora e dos Fungos,Artigo Publicado,7016
INCT Virtual da Flora e dos Fungos,Capitulo De Livro Publicado,1329
INCT Virtual da Flora e dos Fungos,Livro Publicado Ou Organizado,320
INCT Virtual da Flora e dos Fungos,Outra Producao Bibliografica,560
INCT Virtual da Flora e dos Fungos,Prefacio Posfacio,18
INCT Virtual da Flora e dos Fungos,Texto Em Jornal Ou Revista,333
INCT Virtual da Flora e dos Fungos,Trabalho Em Eventos,5744
INCT Virtual da Flora e dos Fungos,Traducao,16
INCT da Criosfera,Artigo Aceito Para Publicacao,93
INCT da Criosfera,Artigo Publicado,9856
INCT da Criosfera,Capitulo De Livro Publicado,1155
INCT da Criosfera,Livro Publicado Ou Organizado,192
INCT da Criosfera,Outra Producao Bibliografica,279
INCT da Criosfera,Prefacio Posfacio,18
INCT da Criosfera,Texto Em Jornal Ou Revista,416
INCT da Criosfera,Trabalho Em Eventos,8573
INCT da Criosfera,Traducao,29
INCT da Internet do Futuro,Artigo Aceito Para Publicacao,9
INCT da Internet do Futuro,Artigo Publicado,1114
INCT da Internet do Futuro,Capitulo De Livro Publicado,254
INCT da Internet do Futuro,Livro Publicado Ou Organizado,81
INCT da Internet do Futuro,Outra Producao Bibliografica,79
INCT da Internet do Futuro,Prefacio Posfacio,3
INCT da Internet do Futuro,Texto Em Jornal Ou Revista,61
INCT da Internet do Futuro,Trabalho Em Eventos,2289
INCT da Internet do Futuro,Traducao,5
"INCT de Arqueologia, Paleontologia e Ambiente do Semi-Árido do Nordeste do Brasil",Artigo Aceito Para Publicacao,13
"INCT de Arqueologia, Paleontologia e Ambiente do Semi-Árido do Nordeste do Brasil",Artigo Publicado,1475
"INCT de Arqueologia, Paleontologia e Ambiente do Semi-Árido do Nordeste do Brasil",Capitulo De Livro Publicado,249
"INCT de Arqueologia, Paleontologia e Ambiente do Semi-Árido do Nordeste do Brasil",Livro Publicado Ou Organizado,61
"INCT de Arqueologia, Paleontologia e Ambiente do Semi-Árido do Nordeste do Brasil",Outra Producao Bibliografica,58
"INCT de Arqueologia, Paleontologia e Ambiente do Semi-Árido do Nordeste do Brasil",Prefacio Posfacio,9
"INCT de Arqueologia, Paleontologia e Ambiente do Semi-Árido do Nordeste do Brasil",Texto Em Jornal Ou Revista,24
"INCT de Arqueologia, Paleontologia e Ambiente do Semi-Árido do Nordeste do Brasil",Trabalho Em Eventos,1152
"INCT de Arqueologia, Paleontologia e Ambiente do Semi-Árido do Nordeste do Brasil",Traducao,3
INCT de Bioanalítica,Artigo Aceito Para Publicacao,21
INCT de Bioanalítica,Artigo Publicado,4683
INCT de Bioanalítica,Capitulo De Livro Publicado,296
INCT de Bioanalítica,Livro Publicado Ou Organizado,43
INCT de Bioanalítica,Outra Producao Bibliografica,24
INCT de Bioanalítica,Prefacio Posfacio,2
INCT de Bioanalítica,Texto Em Jornal Ou Revista,82
INCT de Bioanalítica,Trabalho Em Eventos,2774
INCT de Bioinspiração - Moléculas bioinspiradas aplicadas ao incremento e qualidade da produção de proteína animal (INCT-Bioinspir) ,Artigo Aceito Para Publicacao,27
INCT de Bioinspiração - Moléculas bioinspiradas aplicadas ao incremento e qualidade da produção de proteína animal (INCT-Bioinspir) ,Artigo Publicado,4223
INCT de Bioinspiração - Moléculas bioinspiradas aplicadas ao incremento e qualidade da produção de proteína animal (INCT-Bioinspir) ,Capitulo De Livro Publicado,415
INCT de Bioinspiração - Moléculas bioinspiradas aplicadas ao incremento e qualidade da produção de proteína animal (INCT-Bioinspir) ,Livro Publicado Ou Organizado,70
INCT de Bioinspiração - Moléculas bioinspiradas aplicadas ao incremento e qualidade da produção de proteína animal (INCT-Bioinspir) ,Outra Producao Bibliografica,104
INCT de Bioinspiração - Moléculas bioinspiradas aplicadas ao incremento e qualidade da produção de proteína animal (INCT-Bioinspir) ,Partitura Musical,1
INCT de Bioinspiração - Moléculas bioinspiradas aplicadas ao incremento e qualidade da produção de proteína animal (INCT-Bioinspir) ,Prefacio Posfacio,14
INCT de Bioinspiração - Moléculas bioinspiradas aplicadas ao incremento e qualidade da produção de proteína animal (INCT-Bioinspir) ,Texto Em Jornal Ou Revista,150
INCT de Bioinspiração - Moléculas bioinspiradas aplicadas ao incremento e qualidade da produção de proteína animal (INCT-Bioinspir) ,Trabalho Em Eventos,4043
INCT de Bioinspiração - Moléculas bioinspiradas aplicadas ao incremento e qualidade da produção de proteína animal (INCT-Bioinspir) ,Traducao,1
INCT de Biologia Estrutural e Bioimagem,Artigo Aceito Para Publicacao,66
INCT de Biologia Estrutural e Bioimagem,Artigo Publicado,8616
INCT de Biologia Estrutural e Bioimagem,Capitulo De Livro Publicado,530
INCT de Biologia Estrutural e Bioimagem,Livro Publicado Ou Organizado,102
INCT de Biologia Estrutural e Bioimagem,Outra Producao Bibliografica,141
INCT de Biologia Estrutural e Bioimagem,Texto Em Jornal Ou Revista,340
INCT de Biologia Estrutural e Bioimagem,Trabalho Em Eventos,4945
INCT de Biologia Estrutural e Bioimagem,Traducao,5
INCT de Biomarcadores em Neuropsiquiatria (INCT-INBioN),Artigo Aceito Para Publicacao,3
INCT de Biomarcadores em Neuropsiquiatria (INCT-INBioN),Artigo Publicado,1988
INCT de Biomarcadores em Neuropsiquiatria (INCT-INBioN),Capitulo De Livro Publicado,274
INCT de Biomarcadores em Neuropsiquiatria (INCT-INBioN),Livro Publicado Ou Organizado,64
INCT de Biomarcadores em Neuropsiquiatria (INCT-INBioN),Outra Producao Bibliografica,12
INCT de Biomarcadores em Neuropsiquiatria (INCT-INBioN),Prefacio Posfacio,1
INCT de Biomarcadores em Neuropsiquiatria (INCT-INBioN),Texto Em Jornal Ou Revista,200
INCT de Biomarcadores em Neuropsiquiatria (INCT-INBioN),Trabalho Em Eventos,341
INCT de Catálise em Sistemas Moleculares e Nanoestruturados,Artigo Aceito Para Publicacao,15
INCT de Catálise em Sistemas Moleculares e Nanoestruturados,Artigo Publicado,3080
INCT de Catálise em Sistemas Moleculares e Nanoestruturados,Capitulo De Livro Publicado,102
INCT de Catálise em Sistemas Moleculares e Nanoestruturados,Livro Publicado Ou Organizado,13
INCT de Catálise em Sistemas Moleculares e Nanoestruturados,Outra Producao Bibliografica,2
INCT de Catálise em Sistemas Moleculares e Nanoestruturados,Prefacio Posfacio,1
INCT de Catálise em Sistemas Moleculares e Nanoestruturados,Texto Em Jornal Ou Revista,52
INCT de Catálise em Sistemas Moleculares e Nanoestruturados,Trabalho Em Eventos,1243
INCT de Ciência Animal,Artigo Aceito Para Publicacao,29
INCT de Ciência Animal,Artigo Publicado,7955
INCT de Ciência Animal,Capitulo De Livro Publicado,972
INCT de Ciência Animal,Livro Publicado Ou Organizado,231
INCT de Ciência Animal,Outra Producao Bibliografica,231
INCT de Ciência Animal,Prefacio Posfacio,1
INCT de Ciência Animal,Texto Em Jornal Ou Revista,433
INCT de Ciência Animal,Trabalho Em Eventos,8575
INCT de Ciência Animal,Traducao,1
INCT de Doenças Tropicais,Artigo Aceito Para Publicacao,6
INCT de Doenças Tropicais,Artigo Publicado,1655
INCT de Doenças Tropicais,Capitulo De Livro Publicado,27
INCT de Doenças Tropicais,Livro Publicado Ou Organizado,4
INCT de Doenças Tropicais,Outra Producao Bibliografica,17
INCT de Doenças Tropicais,Texto Em Jornal Ou Revista,3
INCT de Doenças Tropicais,Trabalho Em Eventos,388
INCT de Energia Elétrica (INCT-INERGE),Artigo Aceito Para Publicacao,22
INCT de Energia Elétrica (INCT-INERGE),Artigo Publicado,3445
INCT de Energia Elétrica (INCT-INERGE),Capitulo De Livro Publicado,282
INCT de Energia Elétrica (INCT-INERGE),Livro Publicado Ou Organizado,73
INCT de Energia Elétrica (INCT-INERGE),Outra Producao Bibliografica,25
INCT de Energia Elétrica (INCT-INERGE),Prefacio Posfacio,1
INCT de Energia Elétrica (INCT-INERGE),Texto Em Jornal Ou Revista,166
INCT de Energia Elétrica (INCT-INERGE),Trabalho Em Eventos,5038
INCT de Energia Elétrica (INCT-INERGE),Traducao,9
INCT de Energia e Ambiente,Artigo Aceito Para Publicacao,22
INCT de Energia e Ambiente,Artigo Publicado,4273
INCT de Energia e Ambiente,Capitulo De Livro Publicado,248
INCT de Energia e Ambiente,Livro Publicado Ou Organizado,48
INCT de Energia e Ambiente,Outra Producao Bibliografica,37
INCT de Energia e Ambiente,Prefacio Posfacio,6
INCT de Energia e Ambiente,Texto Em Jornal Ou Revista,26
INCT de Energia e Ambiente,Trabalho Em Eventos,3902
INCT de Energia e Ambiente,Traducao,2
INCT de Energias Oceânicas e Fluviais (INCT-INEOF),Artigo Aceito Para Publicacao,9
INCT de Energias Oceânicas e Fluviais (INCT-INEOF),Artigo Publicado,1211
INCT de Energias Oceânicas e Fluviais (INCT-INEOF),Capitulo De Livro Publicado,114
INCT de Energias Oceânicas e Fluviais (INCT-INEOF),Livro Publicado Ou Organizado,36
INCT de Energias Oceânicas e Fluviais (INCT-INEOF),Outra Producao Bibliografica,8
INCT de Energias Oceânicas e Fluviais (INCT-INEOF),Texto Em Jornal Ou Revista,36
INCT de Energias Oceânicas e Fluviais (INCT-INEOF),Trabalho Em Eventos,1325
INCT de Engenharia de Superfícies,Artigo Aceito Para Publicacao,17
INCT de Engenharia de Superfícies,Artigo Publicado,3057
INCT de Engenharia de Superfícies,Capitulo De Livro Publicado,128
INCT de Engenharia de Superfícies,Livro Publicado Ou Organizado,22
INCT de Engenharia de Superfícies,Outra Producao Bibliografica,20
INCT de Engenharia de Superfícies,Prefacio Posfacio,2
INCT de Engenharia de Superfícies,Texto Em Jornal Ou Revista,30
INCT de Engenharia de Superfícies,Trabalho Em Eventos,2273
INCT de Engenharia de Superfícies,Traducao,1
INCT de Entomologia Molecular,Artigo Aceito Para Publicacao,38
INCT de Entomologia Molecular,Artigo Publicado,6556
INCT de Entomologia Molecular,Capitulo De Livro Publicado,377
INCT de Entomologia Molecular,Livro Publicado Ou Organizado,70
INCT de Entomologia Molecular,Outra Producao Bibliografica,84
INCT de Entomologia Molecular,Prefacio Posfacio,1
INCT de Entomologia Molecular,Texto Em Jornal Ou Revista,100
INCT de Entomologia Molecular,Trabalho Em Eventos,5407
INCT de Entomologia Molecular,Traducao,8
INCT de Epidemiologia da Amazônia Ocidental,Artigo Aceito Para Publicacao,22
INCT de Epidemiologia da Amazônia Ocidental,Artigo Publicado,2922
INCT de Epidemiologia da Amazônia Ocidental,Capitulo De Livro Publicado,241
INCT de Epidemiologia da Amazônia Ocidental,Livro Publicado Ou Organizado,62
INCT de Epidemiologia da Amazônia Ocidental,Outra Producao Bibliografica,33
INCT de Epidemiologia da Amazônia Ocidental,Texto Em Jornal Ou Revista,65
INCT de Epidemiologia da Amazônia Ocidental,Trabalho Em Eventos,2473
INCT de Estudos Comparados em Administração Institucional de Conflitos,Artigo Aceito Para Publicacao,92
INCT de Estudos Comparados em Administração Institucional de Conflitos,Artigo Publicado,3404
INCT de Estudos Comparados em Administração Institucional de Conflitos,Capitulo De Livro Publicado,2864
INCT de Estudos Comparados em Administração Institucional de Conflitos,Livro Publicado Ou Organizado,968
INCT de Estudos Comparados em Administração Institucional de Conflitos,Outra Producao Bibliografica,534
INCT de Estudos Comparados em Administração Institucional de Conflitos,Prefacio Posfacio,395
INCT de Estudos Comparados em Administração Institucional de Conflitos,Texto Em Jornal Ou Revista,1152
INCT de Estudos Comparados em Administração Institucional de Conflitos,Trabalho Em Eventos,3144
INCT de Estudos Comparados em Administração Institucional de Conflitos,Traducao,157
INCT de Fluidos Complexos,Artigo Aceito Para Publicacao,27
INCT de Fluidos Complexos,Artigo Publicado,3813
INCT de Fluidos Complexos,Capitulo De Livro Publicado,270
INCT de Fluidos Complexos,Livro Publicado Ou Organizado,56
INCT de Fluidos Complexos,Outra Producao Bibliografica,45
INCT de Fluidos Complexos,Prefacio Posfacio,10
INCT de Fluidos Complexos,Texto Em Jornal Ou Revista,163
INCT de Fluidos Complexos,Trabalho Em Eventos,1626
INCT de Fluidos Complexos,Traducao,1
INCT de Fotônica (INCT-INFO),Artigo Aceito Para Publicacao,48
INCT de Fotônica (INCT-INFO),Artigo Publicado,6984
INCT de Fotônica (INCT-INFO),Capitulo De Livro Publicado,479
INCT de Fotônica (INCT-INFO),Livro Publicado Ou Organizado,63
INCT de Fotônica (INCT-INFO),Outra Producao Bibliografica,50
INCT de Fotônica (INCT-INFO),Prefacio Posfacio,4
INCT de Fotônica (INCT-INFO),Texto Em Jornal Ou Revista,97
INCT de Fotônica (INCT-INFO),Trabalho Em Eventos,7335
INCT de Fotônica (INCT-INFO),Traducao,1
INCT de Frutos Tropicais,Artigo Aceito Para Publicacao,12
INCT de Frutos Tropicais,Artigo Publicado,2349
INCT de Frutos Tropicais,Capitulo De Livro Publicado,196
INCT de Frutos Tropicais,Livro Publicado Ou Organizado,32
INCT de Frutos Tropicais,Outra Producao Bibliografica,93
INCT de Frutos Tropicais,Prefacio Posfacio,2
INCT de Frutos Tropicais,Texto Em Jornal Ou Revista,31
INCT de Frutos Tropicais,Trabalho Em Eventos,1960
INCT de Fármacos e Medicamentos,Artigo Aceito Para Publicacao,15
INCT de Fármacos e Medicamentos,Artigo Publicado,4436
INCT de Fármacos e Medicamentos,Capitulo De Livro Publicado,264
INCT de Fármacos e Medicamentos,Livro Publicado Ou Organizado,38
INCT de Fármacos e Medicamentos,Outra Producao Bibliografica,70
INCT de Fármacos e Medicamentos,Prefacio Posfacio,3
INCT de Fármacos e Medicamentos,Texto Em Jornal Ou Revista,167
INCT de Fármacos e Medicamentos,Trabalho Em Eventos,3179
INCT de Fármacos e Medicamentos,Traducao,2
INCT de Genética Médica Populacional (INCT-INAGEMP),Artigo Aceito Para Publicacao,50
INCT de Genética Médica Populacional (INCT-INAGEMP),Artigo Publicado,6076
INCT de Genética Médica Populacional (INCT-INAGEMP),Capitulo De Livro Publicado,606
INCT de Genética Médica Populacional (INCT-INAGEMP),Livro Publicado Ou Organizado,137
INCT de Genética Médica Populacional (INCT-INAGEMP),Outra Producao Bibliografica,245
INCT de Genética Médica Populacional (INCT-INAGEMP),Prefacio Posfacio,25
INCT de Genética Médica Populacional (INCT-INAGEMP),Texto Em Jornal Ou Revista,114
INCT de Genética Médica Populacional (INCT-INAGEMP),Trabalho Em Eventos,5411
INCT de Genética Médica Populacional (INCT-INAGEMP),Traducao,7
INCT de Genômica Comparativa e Funcional e Melhoramento Assistido de Citros.,Artigo Aceito Para Publicacao,20
INCT de Genômica Comparativa e Funcional e Melhoramento Assistido de Citros.,Artigo Publicado,3020
INCT de Genômica Comparativa e Funcional e Melhoramento Assistido de Citros.,Capitulo De Livro Publicado,326
INCT de Genômica Comparativa e Funcional e Melhoramento Assistido de Citros.,Livro Publicado Ou Organizado,73
INCT de Genômica Comparativa e Funcional e Melhoramento Assistido de Citros.,Outra Producao Bibliografica,227
INCT de Genômica Comparativa e Funcional e Melhoramento Assistido de Citros.,Prefacio Posfacio,3
INCT de Genômica Comparativa e Funcional e Melhoramento Assistido de Citros.,Texto Em Jornal Ou Revista,318
INCT de Genômica Comparativa e Funcional e Melhoramento Assistido de Citros.,Trabalho Em Eventos,3355
INCT de Geofísica do Petróleo,Artigo Aceito Para Publicacao,15
INCT de Geofísica do Petróleo,Artigo Publicado,1229
INCT de Geofísica do Petróleo,Capitulo De Livro Publicado,48
INCT de Geofísica do Petróleo,Livro Publicado Ou Organizado,20
INCT de Geofísica do Petróleo,Outra Producao Bibliografica,88
INCT de Geofísica do Petróleo,Prefacio Posfacio,1
INCT de Geofísica do Petróleo,Texto Em Jornal Ou Revista,26
INCT de Geofísica do Petróleo,Trabalho Em Eventos,1798
INCT de Geofísica do Petróleo,Traducao,8
INCT de Hormônios e Saúde da Mulher,Artigo Aceito Para Publicacao,39
INCT de Hormônios e Saúde da Mulher,Artigo Publicado,4716
INCT de Hormônios e Saúde da Mulher,Capitulo De Livro Publicado,1061
INCT de Hormônios e Saúde da Mulher,Livro Publicado Ou Organizado,80
INCT de Hormônios e Saúde da Mulher,Outra Producao Bibliografica,86
INCT de Hormônios e Saúde da Mulher,Prefacio Posfacio,3
INCT de Hormônios e Saúde da Mulher,Texto Em Jornal Ou Revista,192
INCT de Hormônios e Saúde da Mulher,Trabalho Em Eventos,2757
INCT de Hormônios e Saúde da Mulher,Traducao,7
INCT de Inovação em Doenças de Populações Negligenciadas (INCT-IDPN),Artigo Aceito Para Publicacao,77
INCT de Inovação em Doenças de Populações Negligenciadas (INCT-IDPN),Artigo Publicado,6359
INCT de Inovação em Doenças de Populações Negligenciadas (INCT-IDPN),Capitulo De Livro Publicado,753
INCT de Inovação em Doenças de Populações Negligenciadas (INCT-IDPN),Livro Publicado Ou Organizado,181
INCT de Inovação em Doenças de Populações Negligenciadas (INCT-IDPN),Outra Producao Bibliografica,226
INCT de Inovação em Doenças de Populações Negligenciadas (INCT-IDPN),Prefacio Posfacio,35
INCT de Inovação em Doenças de Populações Negligenciadas (INCT-IDPN),Texto Em Jornal Ou Revista,283
INCT de Inovação em Doenças de Populações Negligenciadas (INCT-IDPN),Trabalho Em Eventos,2839
INCT de Inovação em Doenças de Populações Negligenciadas (INCT-IDPN),Traducao,25
INCT de Investigação em Imunologia,Artigo Aceito Para Publicacao,7
INCT de Investigação em Imunologia,Artigo Publicado,3129
INCT de Investigação em Imunologia,Capitulo De Livro Publicado,222
INCT de Investigação em Imunologia,Livro Publicado Ou Organizado,28
INCT de Investigação em Imunologia,Outra Producao Bibliografica,14
INCT de Investigação em Imunologia,Prefacio Posfacio,4
INCT de Investigação em Imunologia,Texto Em Jornal Ou Revista,141
INCT de Investigação em Imunologia,Trabalho Em Eventos,911
INCT de Investigação em Imunologia,Traducao,3
INCT de Madeiras da Amazônia,Artigo Aceito Para Publicacao,43
INCT de Madeiras da Amazônia,Artigo Publicado,3193
INCT de Madeiras da Amazônia,Capitulo De Livro Publicado,303
INCT de Madeiras da Amazônia,Livro Publicado Ou Organizado,95
INCT de Madeiras da Amazônia,Outra Producao Bibliografica,20
INCT de Madeiras da Amazônia,Prefacio Posfacio,3
INCT de Madeiras da Amazônia,Texto Em Jornal Ou Revista,44
INCT de Madeiras da Amazônia,Trabalho Em Eventos,1827
INCT de Matemática,Artigo Aceito Para Publicacao,359
INCT de Matemática,Artigo Publicado,14708
INCT de Matemática,Capitulo De Livro Publicado,707
INCT de Matemática,Livro Publicado Ou Organizado,545
INCT de Matemática,Outra Producao Bibliografica,909
INCT de Matemática,Prefacio Posfacio,61
INCT de Matemática,Texto Em Jornal Ou Revista,498
INCT de Matemática,Trabalho Em Eventos,5295
INCT de Matemática,Traducao,17
INCT de Nanomateriais de Carbono,Artigo Aceito Para Publicacao,18
INCT de Nanomateriais de Carbono,Artigo Publicado,5472
INCT de Nanomateriais de Carbono,Capitulo De Livro Publicado,206
INCT de Nanomateriais de Carbono,Livro Publicado Ou Organizado,37
INCT de Nanomateriais de Carbono,Outra Producao Bibliografica,13
INCT de Nanomateriais de Carbono,Prefacio Posfacio,7
INCT de Nanomateriais de Carbono,Texto Em Jornal Ou Revista,120
INCT de Nanomateriais de Carbono,Trabalho Em Eventos,3559
INCT de Nanomateriais de Carbono,Traducao,1
INCT de Neurociência Translacional,Artigo Aceito Para Publicacao,51
INCT de Neurociência Translacional,Artigo Publicado,6803
INCT de Neurociência Translacional,Capitulo De Livro Publicado,527
INCT de Neurociência Translacional,Livro Publicado Ou Organizado,98
INCT de Neurociência Translacional,Outra Producao Bibliografica,98
INCT de Neurociência Translacional,Prefacio Posfacio,6
INCT de Neurociência Translacional,Texto Em Jornal Ou Revista,485
INCT de Neurociência Translacional,Trabalho Em Eventos,3437
INCT de Neurociência Translacional,Traducao,4
INCT de Obesidade e Diabetes,Artigo Aceito Para Publicacao,14
INCT de Obesidade e Diabetes,Artigo Publicado,3261
INCT de Obesidade e Diabetes,Capitulo De Livro Publicado,319
INCT de Obesidade e Diabetes,Livro Publicado Ou Organizado,47
INCT de Obesidade e Diabetes,Outra Producao Bibliografica,43
INCT de Obesidade e Diabetes,Prefacio Posfacio,2
INCT de Obesidade e Diabetes,Texto Em Jornal Ou Revista,83
INCT de Obesidade e Diabetes,Trabalho Em Eventos,1740
INCT de Oncogenômica e Inovação Terapêutica,Artigo Aceito Para Publicacao,50
INCT de Oncogenômica e Inovação Terapêutica,Artigo Publicado,6222
INCT de Oncogenômica e Inovação Terapêutica,Capitulo De Livro Publicado,300
INCT de Oncogenômica e Inovação Terapêutica,Livro Publicado Ou Organizado,45
INCT de Oncogenômica e Inovação Terapêutica,Outra Producao Bibliografica,69
INCT de Oncogenômica e Inovação Terapêutica,Prefacio Posfacio,1
INCT de Oncogenômica e Inovação Terapêutica,Texto Em Jornal Ou Revista,251
INCT de Oncogenômica e Inovação Terapêutica,Trabalho Em Eventos,2950
INCT de Oncogenômica e Inovação Terapêutica,Traducao,5
INCT de Pesquisa em Resistência a Antimicrobianos,Artigo Aceito Para Publicacao,11
INCT de Pesquisa em Resistência a Antimicrobianos,Artigo Publicado,1392
INCT de Pesquisa em Resistência a Antimicrobianos,Capitulo De Livro Publicado,97
INCT de Pesquisa em Resistência a Antimicrobianos,Livro Publicado Ou Organizado,13
INCT de Pesquisa em Resistência a Antimicrobianos,Outra Producao Bibliografica,14
INCT de Pesquisa em Resistência a Antimicrobianos,Prefacio Posfacio,1
INCT de Pesquisa em Resistência a Antimicrobianos,Texto Em Jornal Ou Revista,17
INCT de Pesquisa em Resistência a Antimicrobianos,Trabalho Em Eventos,580
INCT de Pesquisa em Resistência a Antimicrobianos,Traducao,8
"INCT de Políticas Públicas, Estratégias e Desenvolvimento",Artigo Aceito Para Publicacao,18
"INCT de Políticas Públicas, Estratégias e Desenvolvimento",Artigo Publicado,1587
"INCT de Políticas Públicas, Estratégias e Desenvolvimento",Capitulo De Livro Publicado,1193
"INCT de Políticas Públicas, Estratégias e Desenvolvimento",Livro Publicado Ou Organizado,280
"INCT de Políticas Públicas, Estratégias e Desenvolvimento",Outra Producao Bibliografica,284
"INCT de Políticas Públicas, Estratégias e Desenvolvimento",Prefacio Posfacio,85
"INCT de Políticas Públicas, Estratégias e Desenvolvimento",Texto Em Jornal Ou Revista,543
"INCT de Políticas Públicas, Estratégias e Desenvolvimento",Trabalho Em Eventos,1337
"INCT de Políticas Públicas, Estratégias e Desenvolvimento",Traducao,5
INCT de Psiquiatria do Desenvolvimento para Crianças e Adolescentes,Artigo Aceito Para Publicacao,86
INCT de Psiquiatria do Desenvolvimento para Crianças e Adolescentes,Artigo Publicado,6445
INCT de Psiquiatria do Desenvolvimento para Crianças e Adolescentes,Capitulo De Livro Publicado,744
INCT de Psiquiatria do Desenvolvimento para Crianças e Adolescentes,Livro Publicado Ou Organizado,133
INCT de Psiquiatria do Desenvolvimento para Crianças e Adolescentes,Outra Producao Bibliografica,43
INCT de Psiquiatria do Desenvolvimento para Crianças e Adolescentes,Prefacio Posfacio,14
INCT de Psiquiatria do Desenvolvimento para Crianças e Adolescentes,Texto Em Jornal Ou Revista,203
INCT de Psiquiatria do Desenvolvimento para Crianças e Adolescentes,Trabalho Em Eventos,2242
INCT de Psiquiatria do Desenvolvimento para Crianças e Adolescentes,Traducao,1
INCT de Semioquímicos na Agricultura,Artigo Aceito Para Publicacao,2
INCT de Semioquímicos na Agricultura,Artigo Publicado,735
INCT de Semioquímicos na Agricultura,Capitulo De Livro Publicado,69
INCT de Semioquímicos na Agricultura,Livro Publicado Ou Organizado,13
INCT de Semioquímicos na Agricultura,Outra Producao Bibliografica,3
INCT de Semioquímicos na Agricultura,Texto Em Jornal Ou Revista,41
INCT de Semioquímicos na Agricultura,Trabalho Em Eventos,708
INCT de Sistemas Complexos,Artigo Aceito Para Publicacao,15
INCT de Sistemas Complexos,Artigo Publicado,2338
INCT de Sistemas Complexos,Capitulo De Livro Publicado,54
INCT de Sistemas Complexos,Livro Publicado Ou Organizado,29
INCT de Sistemas Complexos,Outra Producao Bibliografica,35
INCT de Sistemas Complexos,Prefacio Posfacio,4
INCT de Sistemas Complexos,Texto Em Jornal Ou Revista,5
INCT de Sistemas Complexos,Trabalho Em Eventos,337
INCT de Vacinas,Artigo Aceito Para Publicacao,4
INCT de Vacinas,Artigo Publicado,2508
INCT de Vacinas,Capitulo De Livro Publicado,57
INCT de Vacinas,Livro Publicado Ou Organizado,10
INCT de Vacinas,Outra Producao Bibliografica,17
INCT de Vacinas,Texto Em Jornal Ou Revista,42
INCT de Vacinas,Trabalho Em Eventos,885
INCT de Vacinas,Traducao,9
INCT de Óptica Básica e Aplicada às Ciências da Vida,Artigo Aceito Para Publicacao,9
INCT de Óptica Básica e Aplicada às Ciências da Vida,Artigo Publicado,3579
INCT de Óptica Básica e Aplicada às Ciências da Vida,Capitulo De Livro Publicado,288
INCT de Óptica Básica e Aplicada às Ciências da Vida,Livro Publicado Ou Organizado,38
INCT de Óptica Básica e Aplicada às Ciências da Vida,Outra Producao Bibliografica,17
INCT de Óptica Básica e Aplicada às Ciências da Vida,Texto Em Jornal Ou Revista,485
INCT de Óptica Básica e Aplicada às Ciências da Vida,Trabalho Em Eventos,3202
INCT de Óptica Básica e Aplicada às Ciências da Vida,Traducao,4
INCT do Bioetanol,Artigo Aceito Para Publicacao,14
INCT do Bioetanol,Artigo Publicado,3148
INCT do Bioetanol,Capitulo De Livro Publicado,320
INCT do Bioetanol,Livro Publicado Ou Organizado,47
INCT do Bioetanol,Outra Producao Bibliografica,37
INCT do Bioetanol,Prefacio Posfacio,3
INCT do Bioetanol,Texto Em Jornal Ou Revista,194
INCT do Bioetanol,Trabalho Em Eventos,1839
INCT do Café,Artigo Aceito Para Publicacao,57
INCT do Café,Artigo Publicado,6587
INCT do Café,Capitulo De Livro Publicado,867
INCT do Café,Livro Publicado Ou Organizado,139
INCT do Café,Outra Producao Bibliografica,388
INCT do Café,Prefacio Posfacio,5
INCT do Café,Texto Em Jornal Ou Revista,323
INCT do Café,Trabalho Em Eventos,8986
INCT do Café,Traducao,3
INCT do e-Universo,Artigo Aceito Para Publicacao,16
INCT do e-Universo,Artigo Publicado,3664
INCT do e-Universo,Capitulo De Livro Publicado,22
INCT do e-Universo,Livro Publicado Ou Organizado,19
INCT do e-Universo,Outra Producao Bibliografica,24
INCT do e-Universo,Prefacio Posfacio,1
INCT do e-Universo,Texto Em Jornal Ou Revista,32
INCT do e-Universo,Trabalho Em Eventos,778
INCT do e-Universo,Traducao,2
INCT dos Hymenoptera Parasitóides ,Artigo Aceito Para Publicacao,75
INCT dos Hymenoptera Parasitóides ,Artigo Publicado,5436
INCT dos Hymenoptera Parasitóides ,Capitulo De Livro Publicado,834
INCT dos Hymenoptera Parasitóides ,Livro Publicado Ou Organizado,172
INCT dos Hymenoptera Parasitóides ,Outra Producao Bibliografica,373
INCT dos Hymenoptera Parasitóides ,Prefacio Posfacio,11
INCT dos Hymenoptera Parasitóides ,Texto Em Jornal Ou Revista,281
INCT dos Hymenoptera Parasitóides ,Trabalho Em Eventos,6720
INCT dos Hymenoptera Parasitóides ,Traducao,2
INCT em Ambientes Marinhos Tropicais,Artigo Aceito Para Publicacao,65
INCT em Ambientes Marinhos Tropicais,Artigo Publicado,7793
INCT em Ambientes Marinhos Tropicais,Capitulo De Livro Publicado,1332
INCT em Ambientes Marinhos Tropicais,Livro Publicado Ou Organizado,225
INCT em Ambientes Marinhos Tropicais,Outra Producao Bibliografica,166
INCT em Ambientes Marinhos Tropicais,Prefacio Posfacio,14
INCT em Ambientes Marinhos Tropicais,Texto Em Jornal Ou Revista,240
INCT em Ambientes Marinhos Tropicais,Trabalho Em Eventos,6388
INCT em Ambientes Marinhos Tropicais,Traducao,2
INCT em Biodiversidade e Produtos Naturais (INCT-BioNat),Artigo Aceito Para Publicacao,44
INCT em Biodiversidade e Produtos Naturais (INCT-BioNat),Artigo Publicado,6518
INCT em Biodiversidade e Produtos Naturais (INCT-BioNat),Capitulo De Livro Publicado,512
INCT em Biodiversidade e Produtos Naturais (INCT-BioNat),Livro Publicado Ou Organizado,109
INCT em Biodiversidade e Produtos Naturais (INCT-BioNat),Outra Producao Bibliografica,100
INCT em Biodiversidade e Produtos Naturais (INCT-BioNat),Prefacio Posfacio,7
INCT em Biodiversidade e Produtos Naturais (INCT-BioNat),Texto Em Jornal Ou Revista,206
INCT em Biodiversidade e Produtos Naturais (INCT-BioNat),Trabalho Em Eventos,4939
INCT em Biodiversidade e Produtos Naturais (INCT-BioNat),Traducao,2
INCT em Comunicação Pública da Ciência e Tecnologia,Artigo Aceito Para Publicacao,40
INCT em Comunicação Pública da Ciência e Tecnologia,Artigo Publicado,1606
INCT em Comunicação Pública da Ciência e Tecnologia,Capitulo De Livro Publicado,627
INCT em Comunicação Pública da Ciência e Tecnologia,Livro Publicado Ou Organizado,241
INCT em Comunicação Pública da Ciência e Tecnologia,Outra Producao Bibliografica,127
INCT em Comunicação Pública da Ciência e Tecnologia,Prefacio Posfacio,52
INCT em Comunicação Pública da Ciência e Tecnologia,Texto Em Jornal Ou Revista,464
INCT em Comunicação Pública da Ciência e Tecnologia,Trabalho Em Eventos,1893
INCT em Comunicação Pública da Ciência e Tecnologia,Traducao,13
INCT em Células-Tronco e Terapia Celular no Câncer,Artigo Aceito Para Publicacao,47
INCT em Células-Tronco e Terapia Celular no Câncer,Artigo Publicado,5795
INCT em Células-Tronco e Terapia Celular no Câncer,Capitulo De Livro Publicado,262
INCT em Células-Tronco e Terapia Celular no Câncer,Livro Publicado Ou Organizado,35
INCT em Células-Tronco e Terapia Celular no Câncer,Outra Producao Bibliografica,22
INCT em Células-Tronco e Terapia Celular no Câncer,Prefacio Posfacio,1
INCT em Células-Tronco e Terapia Celular no Câncer,Texto Em Jornal Ou Revista,145
INCT em Células-Tronco e Terapia Celular no Câncer,Trabalho Em Eventos,3267
INCT em Células-Tronco e Terapia Celular no Câncer,Traducao,4
INCT em Democracia Digital,Artigo Aceito Para Publicacao,22
INCT em Democracia Digital,Artigo Publicado,2031
INCT em Democracia Digital,Capitulo De Livro Publicado,1186
INCT em Democracia Digital,Livro Publicado Ou Organizado,265
INCT em Democracia Digital,Outra Producao Bibliografica,303
INCT em Democracia Digital,Prefacio Posfacio,91
INCT em Democracia Digital,Texto Em Jornal Ou Revista,1125
INCT em Democracia Digital,Trabalho Em Eventos,1664
INCT em Democracia Digital,Traducao,20
INCT em Dengue e Interação Microorganismo-hospedeiro,Artigo Aceito Para Publicacao,23
INCT em Dengue e Interação Microorganismo-hospedeiro,Artigo Publicado,5182
INCT em Dengue e Interação Microorganismo-hospedeiro,Capitulo De Livro Publicado,356
INCT em Dengue e Interação Microorganismo-hospedeiro,Livro Publicado Ou Organizado,84
INCT em Dengue e Interação Microorganismo-hospedeiro,Outra Producao Bibliografica,49
INCT em Dengue e Interação Microorganismo-hospedeiro,Prefacio Posfacio,23
INCT em Dengue e Interação Microorganismo-hospedeiro,Texto Em Jornal Ou Revista,63
INCT em Dengue e Interação Microorganismo-hospedeiro,Trabalho Em Eventos,2787
INCT em Dengue e Interação Microorganismo-hospedeiro,Traducao,12
INCT em Eletrônica Orgânica (INCT-INEO),Artigo Aceito Para Publicacao,17
INCT em Eletrônica Orgânica (INCT-INEO),Artigo Publicado,4536
INCT em Eletrônica Orgânica (INCT-INEO),Capitulo De Livro Publicado,226
INCT em Eletrônica Orgânica (INCT-INEO),Livro Publicado Ou Organizado,58
INCT em Eletrônica Orgânica (INCT-INEO),Outra Producao Bibliografica,27
INCT em Eletrônica Orgânica (INCT-INEO),Prefacio Posfacio,7
INCT em Eletrônica Orgânica (INCT-INEO),Texto Em Jornal Ou Revista,118
INCT em Eletrônica Orgânica (INCT-INEO),Trabalho Em Eventos,4377
INCT em Estudos Interdisciplinares e Transdisciplinares em Ecologia e Evolução (INCT-TREE),Artigo Aceito Para Publicacao,59
INCT em Estudos Interdisciplinares e Transdisciplinares em Ecologia e Evolução (INCT-TREE),Artigo Publicado,5421
INCT em Estudos Interdisciplinares e Transdisciplinares em Ecologia e Evolução (INCT-TREE),Capitulo De Livro Publicado,1107
INCT em Estudos Interdisciplinares e Transdisciplinares em Ecologia e Evolução (INCT-TREE),Livro Publicado Ou Organizado,265
INCT em Estudos Interdisciplinares e Transdisciplinares em Ecologia e Evolução (INCT-TREE),Outra Producao Bibliografica,130
INCT em Estudos Interdisciplinares e Transdisciplinares em Ecologia e Evolução (INCT-TREE),Partitura Musical,2
INCT em Estudos Interdisciplinares e Transdisciplinares em Ecologia e Evolução (INCT-TREE),Prefacio Posfacio,41
INCT em Estudos Interdisciplinares e Transdisciplinares em Ecologia e Evolução (INCT-TREE),Texto Em Jornal Ou Revista,339
INCT em Estudos Interdisciplinares e Transdisciplinares em Ecologia e Evolução (INCT-TREE),Trabalho Em Eventos,4150
INCT em Estudos Interdisciplinares e Transdisciplinares em Ecologia e Evolução (INCT-TREE),Traducao,5
INCT em Estudos Tectônicos,Artigo Aceito Para Publicacao,16
INCT em Estudos Tectônicos,Artigo Publicado,1657
INCT em Estudos Tectônicos,Capitulo De Livro Publicado,124
INCT em Estudos Tectônicos,Livro Publicado Ou Organizado,29
INCT em Estudos Tectônicos,Outra Producao Bibliografica,16
INCT em Estudos Tectônicos,Prefacio Posfacio,7
INCT em Estudos Tectônicos,Texto Em Jornal Ou Revista,24
INCT em Estudos Tectônicos,Trabalho Em Eventos,1860
INCT em Fotônica Aplicada à Biologia Celular (INCT-INFABiC),Artigo Aceito Para Publicacao,27
INCT em Fotônica Aplicada à Biologia Celular (INCT-INFABiC),Artigo Publicado,3221
INCT em Fotônica Aplicada à Biologia Celular (INCT-INFABiC),Capitulo De Livro Publicado,249
INCT em Fotônica Aplicada à Biologia Celular (INCT-INFABiC),Livro Publicado Ou Organizado,56
INCT em Fotônica Aplicada à Biologia Celular (INCT-INFABiC),Outra Producao Bibliografica,22
INCT em Fotônica Aplicada à Biologia Celular (INCT-INFABiC),Prefacio Posfacio,5
INCT em Fotônica Aplicada à Biologia Celular (INCT-INFABiC),Texto Em Jornal Ou Revista,86
INCT em Fotônica Aplicada à Biologia Celular (INCT-INFABiC),Trabalho Em Eventos,2180
INCT em Fotônica Aplicada à Biologia Celular (INCT-INFABiC),Traducao,2
INCT em Geração Distribuída de Energia Elétrica,Artigo Aceito Para Publicacao,17
INCT em Geração Distribuída de Energia Elétrica,Artigo Publicado,2514
INCT em Geração Distribuída de Energia Elétrica,Capitulo De Livro Publicado,159
INCT em Geração Distribuída de Energia Elétrica,Livro Publicado Ou Organizado,53
INCT em Geração Distribuída de Energia Elétrica,Outra Producao Bibliografica,34
INCT em Geração Distribuída de Energia Elétrica,Prefacio Posfacio,3
INCT em Geração Distribuída de Energia Elétrica,Texto Em Jornal Ou Revista,71
INCT em Geração Distribuída de Energia Elétrica,Trabalho Em Eventos,5376
INCT em Materiais Complexos Funcionais (INCT-Inomat),Artigo Aceito Para Publicacao,41
INCT em Materiais Complexos Funcionais (INCT-Inomat),Artigo Publicado,6041
INCT em Materiais Complexos Funcionais (INCT-Inomat),Capitulo De Livro Publicado,291
INCT em Materiais Complexos Funcionais (INCT-Inomat),Livro Publicado Ou Organizado,62
INCT em Materiais Complexos Funcionais (INCT-Inomat),Outra Producao Bibliografica,142
INCT em Materiais Complexos Funcionais (INCT-Inomat),Prefacio Posfacio,8
INCT em Materiais Complexos Funcionais (INCT-Inomat),Texto Em Jornal Ou Revista,180
INCT em Materiais Complexos Funcionais (INCT-Inomat),Trabalho Em Eventos,3674
INCT em Materiais Complexos Funcionais (INCT-Inomat),Traducao,63
INCT em Medicina Assistida por Computação Científica (INCT-MACC),Artigo Aceito Para Publicacao,85
INCT em Medicina Assistida por Computação Científica (INCT-MACC),Artigo Publicado,5995
INCT em Medicina Assistida por Computação Científica (INCT-MACC),Capitulo De Livro Publicado,867
INCT em Medicina Assistida por Computação Científica (INCT-MACC),Livro Publicado Ou Organizado,227
INCT em Medicina Assistida por Computação Científica (INCT-MACC),Outra Producao Bibliografica,103
INCT em Medicina Assistida por Computação Científica (INCT-MACC),Prefacio Posfacio,10
INCT em Medicina Assistida por Computação Científica (INCT-MACC),Texto Em Jornal Ou Revista,146
INCT em Medicina Assistida por Computação Científica (INCT-MACC),Trabalho Em Eventos,6944
INCT em Medicina Assistida por Computação Científica (INCT-MACC),Traducao,53
INCT em Medicina Regenerativa,Artigo Aceito Para Publicacao,56
INCT em Medicina Regenerativa,Artigo Publicado,10460
INCT em Medicina Regenerativa,Capitulo De Livro Publicado,818
INCT em Medicina Regenerativa,Livro Publicado Ou Organizado,102
INCT em Medicina Regenerativa,Outra Producao Bibliografica,100
INCT em Medicina Regenerativa,Prefacio Posfacio,5
INCT em Medicina Regenerativa,Texto Em Jornal Ou Revista,242
INCT em Medicina Regenerativa,Trabalho Em Eventos,8649
INCT em Medicina Regenerativa,Traducao,11
INCT em Refrigeração e Termofísica,Artigo Aceito Para Publicacao,9
INCT em Refrigeração e Termofísica,Artigo Publicado,289
INCT em Refrigeração e Termofísica,Capitulo De Livro Publicado,5
INCT em Refrigeração e Termofísica,Livro Publicado Ou Organizado,12
INCT em Refrigeração e Termofísica,Texto Em Jornal Ou Revista,1
INCT em Refrigeração e Termofísica,Trabalho Em Eventos,413
INCT em Teranóstica e Nanobiotecnologia (INCT-TeraNano),Artigo Aceito Para Publicacao,46
INCT em Teranóstica e Nanobiotecnologia (INCT-TeraNano),Artigo Publicado,7814
INCT em Teranóstica e Nanobiotecnologia (INCT-TeraNano),Capitulo De Livro Publicado,578
INCT em Teranóstica e Nanobiotecnologia (INCT-TeraNano),Livro Publicado Ou Organizado,90
INCT em Teranóstica e Nanobiotecnologia (INCT-TeraNano),Outra Producao Bibliografica,64
INCT em Teranóstica e Nanobiotecnologia (INCT-TeraNano),Prefacio Posfacio,3
INCT em Teranóstica e Nanobiotecnologia (INCT-TeraNano),Texto Em Jornal Ou Revista,292
INCT em Teranóstica e Nanobiotecnologia (INCT-TeraNano),Trabalho Em Eventos,5849
INCT em Teranóstica e Nanobiotecnologia (INCT-TeraNano),Traducao,1
INCT em Tuberculose,Artigo Aceito Para Publicacao,29
INCT em Tuberculose,Artigo Publicado,3934
INCT em Tuberculose,Capitulo De Livro Publicado,313
INCT em Tuberculose,Livro Publicado Ou Organizado,42
INCT em Tuberculose,Outra Producao Bibliografica,41
INCT em Tuberculose,Prefacio Posfacio,4
INCT em Tuberculose,Texto Em Jornal Ou Revista,112
INCT em Tuberculose,Trabalho Em Eventos,1331
INCT em Tuberculose,Traducao,6
"INCT em Áreas Úmidas II: Inovações em Pesquisa, Manejo e Políticas Públicas em Áreas Úmidas  (INCT-INAU II)",Artigo Aceito Para Publicacao,14
"INCT em Áreas Úmidas II: Inovações em Pesquisa, Manejo e Políticas Públicas em Áreas Úmidas  (INCT-INAU II)",Artigo Publicado,2726
"INCT em Áreas Úmidas II: Inovações em Pesquisa, Manejo e Políticas Públicas em Áreas Úmidas  (INCT-INAU II)",Capitulo De Livro Publicado,371
"INCT em Áreas Úmidas II: Inovações em Pesquisa, Manejo e Políticas Públicas em Áreas Úmidas  (INCT-INAU II)",Livro Publicado Ou Organizado,61
"INCT em Áreas Úmidas II: Inovações em Pesquisa, Manejo e Políticas Públicas em Áreas Úmidas  (INCT-INAU II)",Outra Producao Bibliografica,447
"INCT em Áreas Úmidas II: Inovações em Pesquisa, Manejo e Políticas Públicas em Áreas Úmidas  (INCT-INAU II)",Prefacio Posfacio,1
"INCT em Áreas Úmidas II: Inovações em Pesquisa, Manejo e Políticas Públicas em Áreas Úmidas  (INCT-INAU II)",Texto Em Jornal Ou Revista,118
"INCT em Áreas Úmidas II: Inovações em Pesquisa, Manejo e Políticas Públicas em Áreas Úmidas  (INCT-INAU II)",Trabalho Em Eventos,1219
INCT para Adaptações da Biota Aquática da Amazônia (INCT-ADAPTA-II),Artigo Aceito Para Publicacao,7
INCT para Adaptações da Biota Aquática da Amazônia (INCT-ADAPTA-II),Artigo Publicado,2655
INCT para Adaptações da Biota Aquática da Amazônia (INCT-ADAPTA-II),Capitulo De Livro Publicado,415
INCT para Adaptações da Biota Aquática da Amazônia (INCT-ADAPTA-II),Livro Publicado Ou Organizado,113
INCT para Adaptações da Biota Aquática da Amazônia (INCT-ADAPTA-II),Outra Producao Bibliografica,17
INCT para Adaptações da Biota Aquática da Amazônia (INCT-ADAPTA-II),Prefacio Posfacio,6
INCT para Adaptações da Biota Aquática da Amazônia (INCT-ADAPTA-II),Texto Em Jornal Ou Revista,220
INCT para Adaptações da Biota Aquática da Amazônia (INCT-ADAPTA-II),Trabalho Em Eventos,1438
INCT para Adaptações da Biota Aquática da Amazônia (INCT-ADAPTA-II),Traducao,2
INCT para Avaliação de Tecnologias em Saúde,Artigo Aceito Para Publicacao,80
INCT para Avaliação de Tecnologias em Saúde,Artigo Publicado,9460
INCT para Avaliação de Tecnologias em Saúde,Capitulo De Livro Publicado,1310
INCT para Avaliação de Tecnologias em Saúde,Livro Publicado Ou Organizado,238
INCT para Avaliação de Tecnologias em Saúde,Outra Producao Bibliografica,209
INCT para Avaliação de Tecnologias em Saúde,Prefacio Posfacio,5
INCT para Avaliação de Tecnologias em Saúde,Texto Em Jornal Ou Revista,307
INCT para Avaliação de Tecnologias em Saúde,Trabalho Em Eventos,4756
INCT para Avaliação de Tecnologias em Saúde,Traducao,11
"INCT para Doenças Cerebrais, Excitoxicidade e Neuroproteção",Artigo Aceito Para Publicacao,144
"INCT para Doenças Cerebrais, Excitoxicidade e Neuroproteção",Artigo Publicado,12604
"INCT para Doenças Cerebrais, Excitoxicidade e Neuroproteção",Capitulo De Livro Publicado,1117
"INCT para Doenças Cerebrais, Excitoxicidade e Neuroproteção",Livro Publicado Ou Organizado,206
"INCT para Doenças Cerebrais, Excitoxicidade e Neuroproteção",Outra Producao Bibliografica,127
"INCT para Doenças Cerebrais, Excitoxicidade e Neuroproteção",Prefacio Posfacio,61
"INCT para Doenças Cerebrais, Excitoxicidade e Neuroproteção",Texto Em Jornal Ou Revista,122
"INCT para Doenças Cerebrais, Excitoxicidade e Neuroproteção",Trabalho Em Eventos,11005
"INCT para Doenças Cerebrais, Excitoxicidade e Neuroproteção",Traducao,44
INCT para Engenharia de Software,Artigo Aceito Para Publicacao,13
INCT para Engenharia de Software,Artigo Publicado,1725
INCT para Engenharia de Software,Capitulo De Livro Publicado,287
INCT para Engenharia de Software,Livro Publicado Ou Organizado,186
INCT para Engenharia de Software,Outra Producao Bibliografica,42
INCT para Engenharia de Software,Prefacio Posfacio,7
INCT para Engenharia de Software,Texto Em Jornal Ou Revista,40
INCT para Engenharia de Software,Trabalho Em Eventos,4886
INCT para Engenharia de Software,Traducao,1
INCT para Estudos sobre os Estados Unidos,Artigo Aceito Para Publicacao,25
INCT para Estudos sobre os Estados Unidos,Artigo Publicado,1576
INCT para Estudos sobre os Estados Unidos,Capitulo De Livro Publicado,1070
INCT para Estudos sobre os Estados Unidos,Livro Publicado Ou Organizado,289
INCT para Estudos sobre os Estados Unidos,Outra Producao Bibliografica,448
INCT para Estudos sobre os Estados Unidos,Prefacio Posfacio,86
INCT para Estudos sobre os Estados Unidos,Texto Em Jornal Ou Revista,1293
INCT para Estudos sobre os Estados Unidos,Trabalho Em Eventos,718
INCT para Estudos sobre os Estados Unidos,Traducao,31
INCT para Mudanças Climáticas  (INCT-MC),Artigo Aceito Para Publicacao,66
INCT para Mudanças Climáticas  (INCT-MC),Artigo Publicado,7672
INCT para Mudanças Climáticas  (INCT-MC),Capitulo De Livro Publicado,1915
INCT para Mudanças Climáticas  (INCT-MC),Livro Publicado Ou Organizado,463
INCT para Mudanças Climáticas  (INCT-MC),Outra Producao Bibliografica,555
INCT para Mudanças Climáticas  (INCT-MC),Prefacio Posfacio,95
INCT para Mudanças Climáticas  (INCT-MC),Texto Em Jornal Ou Revista,747
INCT para Mudanças Climáticas  (INCT-MC),Trabalho Em Eventos,6810
INCT para Mudanças Climáticas  (INCT-MC),Traducao,23
INCT para Sistemas Autônomos Cooperativos Aplicados em Segurança e Meio Ambiente,Artigo Aceito Para Publicacao,9
INCT para Sistemas Autônomos Cooperativos Aplicados em Segurança e Meio Ambiente,Artigo Publicado,1030
INCT para Sistemas Autônomos Cooperativos Aplicados em Segurança e Meio Ambiente,Capitulo De Livro Publicado,127
INCT para Sistemas Autônomos Cooperativos Aplicados em Segurança e Meio Ambiente,Livro Publicado Ou Organizado,39
INCT para Sistemas Autônomos Cooperativos Aplicados em Segurança e Meio Ambiente,Outra Producao Bibliografica,13
INCT para Sistemas Autônomos Cooperativos Aplicados em Segurança e Meio Ambiente,Prefacio Posfacio,1
INCT para Sistemas Autônomos Cooperativos Aplicados em Segurança e Meio Ambiente,Texto Em Jornal Ou Revista,85
INCT para Sistemas Autônomos Cooperativos Aplicados em Segurança e Meio Ambiente,Trabalho Em Eventos,1796
INCT para a Cadeia Produtiva do Leite,Artigo Aceito Para Publicacao,25
INCT para a Cadeia Produtiva do Leite,Artigo Publicado,4352
INCT para a Cadeia Produtiva do Leite,Capitulo De Livro Publicado,322
INCT para a Cadeia Produtiva do Leite,Livro Publicado Ou Organizado,68
INCT para a Cadeia Produtiva do Leite,Outra Producao Bibliografica,177
INCT para a Cadeia Produtiva do Leite,Prefacio Posfacio,2
INCT para a Cadeia Produtiva do Leite,Texto Em Jornal Ou Revista,226
INCT para a Cadeia Produtiva do Leite,Trabalho Em Eventos,4630
INCT para a Cadeia Produtiva do Leite,Traducao,1
INCT para o Controle Biorracional de Inseto Pragas e Fitopatógenos,Artigo Aceito Para Publicacao,27
INCT para o Controle Biorracional de Inseto Pragas e Fitopatógenos,Artigo Publicado,3751
INCT para o Controle Biorracional de Inseto Pragas e Fitopatógenos,Capitulo De Livro Publicado,347
INCT para o Controle Biorracional de Inseto Pragas e Fitopatógenos,Livro Publicado Ou Organizado,52
INCT para o Controle Biorracional de Inseto Pragas e Fitopatógenos,Outra Producao Bibliografica,49
INCT para o Controle Biorracional de Inseto Pragas e Fitopatógenos,Prefacio Posfacio,6
INCT para o Controle Biorracional de Inseto Pragas e Fitopatógenos,Texto Em Jornal Ou Revista,96
INCT para o Controle Biorracional de Inseto Pragas e Fitopatógenos,Trabalho Em Eventos,2263
INCT para o Controle Biorracional de Inseto Pragas e Fitopatógenos,Traducao,1
"INCT sobre Comportamento, Cognição e Ensino: Aprendizagem Relacional e Funcionamento Simbólico  (INCT-ECCE)",Artigo Aceito Para Publicacao,43
"INCT sobre Comportamento, Cognição e Ensino: Aprendizagem Relacional e Funcionamento Simbólico  (INCT-ECCE)",Artigo Publicado,2115
"INCT sobre Comportamento, Cognição e Ensino: Aprendizagem Relacional e Funcionamento Simbólico  (INCT-ECCE)",Capitulo De Livro Publicado,729
"INCT sobre Comportamento, Cognição e Ensino: Aprendizagem Relacional e Funcionamento Simbólico  (INCT-ECCE)",Livro Publicado Ou Organizado,144
"INCT sobre Comportamento, Cognição e Ensino: Aprendizagem Relacional e Funcionamento Simbólico  (INCT-ECCE)",Outra Producao Bibliografica,67
"INCT sobre Comportamento, Cognição e Ensino: Aprendizagem Relacional e Funcionamento Simbólico  (INCT-ECCE)",Prefacio Posfacio,29
"INCT sobre Comportamento, Cognição e Ensino: Aprendizagem Relacional e Funcionamento Simbólico  (INCT-ECCE)",Texto Em Jornal Ou Revista,46
"INCT sobre Comportamento, Cognição e Ensino: Aprendizagem Relacional e Funcionamento Simbólico  (INCT-ECCE)",Trabalho Em Eventos,1875
"INCT sobre Comportamento, Cognição e Ensino: Aprendizagem Relacional e Funcionamento Simbólico  (INCT-ECCE)",Traducao,15
